id,image,meta_prompt,category
1,BAKERY/01ad615b7925612e31a8f0267b2c15f9.jpg,"Create a premium bakery advertising image using [INPUT_PRODUCT] as the replaceable hero product. Photograph DNA: overhead fine-dining plate on deep red table, several elegant hands entering with forks, dramatic hard spotlight and dark falloff; circular red plate frame, centered white dish, luxury dessert ritual, minimal copy space. Design DNA: preserve the source layout logic, color palette, lighting direction, camera angle, negative space, prop relationships, and typography zones; replace the original food/product with [INPUT_PRODUCT] while matching perspective, scale, shadows, texture, and appetite appeal. Use editable placeholder copy only, avoid real logos unless supplied, and keep the final result polished, photoreal, high-resolution, and campaign-ready.",Bakery
2,BAKERY/01d891e70d32ded254304ecd5e3585f2.jpg,"Create a premium bakery advertising image using [INPUT_PRODUCT] as the replaceable hero product. Photograph DNA: single sculptural strawberry-like dessert on solid crimson poster, soft studio shadow and glossy texture; centered hero, tiny brand mark zone top, playful script headline zone lower third, monochrome red campaign system. Design DNA: preserve the source layout logic, color palette, lighting direction, camera angle, negative space, prop relationships, and typography zones; replace the original food/product with [INPUT_PRODUCT] while matching perspective, scale, shadows, texture, and appetite appeal. Use editable placeholder copy only, avoid real logos unless supplied, and keep the final result polished, photoreal, high-resolution, and campaign-ready.",Bakery
3,BAKERY/0290be636ec6e5ebe0b486a8a29c9675.jpg,"Create a premium bakery advertising image using [INPUT_PRODUCT] as the replaceable hero product. Photograph DNA: cookie intersecting a rounded red pill shape on warm cream background, flat graphic studio lighting; oversized negative space, simple weekend-message typography zone, minimal geometric snack poster. Design DNA: preserve the source layout logic, color palette, lighting direction, camera angle, negative space, prop relationships, and typography zones; replace the original food/product with [INPUT_PRODUCT] while matching perspective, scale, shadows, texture, and appetite appeal. Use editable placeholder copy only, avoid real logos unless supplied, and keep the final result polished, photoreal, high-resolution, and campaign-ready.",Bakery
4,BAKERY/02db18d0a5bb7e5624f34f3596f968c6.jpg,"Create a premium bakery advertising image using [INPUT_PRODUCT] as the replaceable hero product. Photograph DNA: cocoa or sugar falling from a sieve onto a layered cake on spoon, pale textured background, crisp food-detail macro; vertical motion trail, hero at bottom third, airy editorial dessert composition. Design DNA: preserve the source layout logic, color palette, lighting direction, camera angle, negative space, prop relationships, and typography zones; replace the original food/product with [INPUT_PRODUCT] while matching perspective, scale, shadows, texture, and appetite appeal. Use editable placeholder copy only, avoid real logos unless supplied, and keep the final result polished, photoreal, high-resolution, and campaign-ready.",Bakery
5,BAKERY/031f74ad1a6b3c06e0e1df5bc5fe7df8.jpg,"Create a premium bakery advertising image using [INPUT_PRODUCT] as the replaceable hero product. Photograph DNA: bright blue field with a bitten pink donut replacing a letterform, clean front light; bold typographic wordplay, product integrated into oversized white text, simple social graphic. Design DNA: preserve the source layout logic, color palette, lighting direction, camera angle, negative space, prop relationships, and typography zones; replace the original food/product with [INPUT_PRODUCT] while matching perspective, scale, shadows, texture, and appetite appeal. Use editable placeholder copy only, avoid real logos unless supplied, and keep the final result polished, photoreal, high-resolution, and campaign-ready.",Bakery
6,BAKERY/045a9c0f240bd77f5e41c45c2636b27f.jpg,"Create a premium bakery advertising image using [INPUT_PRODUCT] as the replaceable hero product. Photograph DNA: croissants arranged on a wooden peel against white space, high-key studio light and scattered crumbs; diagonal product placement, elegant script header, small editorial copy blocks. Design DNA: preserve the source layout logic, color palette, lighting direction, camera angle, negative space, prop relationships, and typography zones; replace the original food/product with [INPUT_PRODUCT] while matching perspective, scale, shadows, texture, and appetite appeal. Use editable placeholder copy only, avoid real logos unless supplied, and keep the final result polished, photoreal, high-resolution, and campaign-ready.",Bakery
7,BAKERY/08464f7f2b2fcb36535a3c48e2a36d36.jpg,"Create a premium bakery advertising image using [INPUT_PRODUCT] as the replaceable hero product. Photograph DNA: strawberry cake slice collage on pink paper texture, direct soft light; scrapbook cutout treatment, large retro script headline, circular sticker badge, nostalgic bakery poster. Design DNA: preserve the source layout logic, color palette, lighting direction, camera angle, negative space, prop relationships, and typography zones; replace the original food/product with [INPUT_PRODUCT] while matching perspective, scale, shadows, texture, and appetite appeal. Use editable placeholder copy only, avoid real logos unless supplied, and keep the final result polished, photoreal, high-resolution, and campaign-ready.",Bakery
8,BAKERY/094d57cafa8e83080cf4b727a509957e.jpg,"Create a premium bakery advertising image using [INPUT_PRODUCT] as the replaceable hero product. Photograph DNA: croissant cross-section macro on beige poster, warm side light; huge product detail dominates right side, secondary whole pastry below, small premium copy blocks. Design DNA: preserve the source layout logic, color palette, lighting direction, camera angle, negative space, prop relationships, and typography zones; replace the original food/product with [INPUT_PRODUCT] while matching perspective, scale, shadows, texture, and appetite appeal. Use editable placeholder copy only, avoid real logos unless supplied, and keep the final result polished, photoreal, high-resolution, and campaign-ready.",Bakery
9,BAKERY/0a899e42adf78e1ca55e1ceb91004ac8.jpg,"Create a premium bakery advertising image using [INPUT_PRODUCT] as the replaceable hero product. Photograph DNA: croissant with cream and cherry displayed on classical stone pedestal, red velvet curtain background, theatrical spotlight; luxury dessert-as-sculpture with centered vertical staging. Design DNA: preserve the source layout logic, color palette, lighting direction, camera angle, negative space, prop relationships, and typography zones; replace the original food/product with [INPUT_PRODUCT] while matching perspective, scale, shadows, texture, and appetite appeal. Use editable placeholder copy only, avoid real logos unless supplied, and keep the final result polished, photoreal, high-resolution, and campaign-ready.",Bakery
10,BAKERY/0bb59a5995a794ffbdc49100581b56b6.jpg,"Create a premium bakery advertising image using [INPUT_PRODUCT] as the replaceable hero product. Photograph DNA: hand holding a white paper sleeve with cookie peeking out, neutral beige studio background, shallow depth; minimal human touch, product partly hidden, clean premium take-away mood. Design DNA: preserve the source layout logic, color palette, lighting direction, camera angle, negative space, prop relationships, and typography zones; replace the original food/product with [INPUT_PRODUCT] while matching perspective, scale, shadows, texture, and appetite appeal. Use editable placeholder copy only, avoid real logos unless supplied, and keep the final result polished, photoreal, high-resolution, and campaign-ready.",Bakery
11,BAKERY/0f98e4cb834a202ef6abcf41dca22bb1.jpg,"Create a premium bakery advertising image using [INPUT_PRODUCT] as the replaceable hero product. Photograph DNA: close crop of mouth biting glossy pastry, warm skin tones, shallow focus; sensual macro food photography, handwritten overlay space, intimate indulgence campaign. Design DNA: preserve the source layout logic, color palette, lighting direction, camera angle, negative space, prop relationships, and typography zones; replace the original food/product with [INPUT_PRODUCT] while matching perspective, scale, shadows, texture, and appetite appeal. Use editable placeholder copy only, avoid real logos unless supplied, and keep the final result polished, photoreal, high-resolution, and campaign-ready.",Bakery
12,BAKERY/0fa0bd1d2e26c8dae94b3fc9ffd92d94.jpg,"Create a premium bakery advertising image using [INPUT_PRODUCT] as the replaceable hero product. Photograph DNA: pink macaron centered between banana cream texture and raspberries, split background panels; symmetrical flavor-pairing layout, handwritten flavor labels, playful color blocking. Design DNA: preserve the source layout logic, color palette, lighting direction, camera angle, negative space, prop relationships, and typography zones; replace the original food/product with [INPUT_PRODUCT] while matching perspective, scale, shadows, texture, and appetite appeal. Use editable placeholder copy only, avoid real logos unless supplied, and keep the final result polished, photoreal, high-resolution, and campaign-ready.",Bakery
13,BAKERY/113c06b376b5d8550a05f704502626f3.jpg,"Create a premium bakery advertising image using [INPUT_PRODUCT] as the replaceable hero product. Photograph DNA: single macaron on white background with doodled face, arms, and legs; cheerful mascot treatment, product remains photoreal, simple character ad with lots of negative space. Design DNA: preserve the source layout logic, color palette, lighting direction, camera angle, negative space, prop relationships, and typography zones; replace the original food/product with [INPUT_PRODUCT] while matching perspective, scale, shadows, texture, and appetite appeal. Use editable placeholder copy only, avoid real logos unless supplied, and keep the final result polished, photoreal, high-resolution, and campaign-ready.",Bakery
14,BAKERY/1321df07f80c9f055ca81349e88d2305.jpg,"Create a premium bakery advertising image using [INPUT_PRODUCT] as the replaceable hero product. Photograph DNA: cake slice on ornate plate under sunset shadow with spoon silhouette, warm amber backlight; intimate editorial dessert moment, long cast shadows, premium still-life mood. Design DNA: preserve the source layout logic, color palette, lighting direction, camera angle, negative space, prop relationships, and typography zones; replace the original food/product with [INPUT_PRODUCT] while matching perspective, scale, shadows, texture, and appetite appeal. Use editable placeholder copy only, avoid real logos unless supplied, and keep the final result polished, photoreal, high-resolution, and campaign-ready.",Bakery
15,BAKERY/134873e772fc38786a118bfaeb45b707.jpg,"Create a premium bakery advertising image using [INPUT_PRODUCT] as the replaceable hero product. Photograph DNA: mini holiday desserts on white platform against red curved paper backdrop, soft studio shadows; festive product family, tiered display, elegant greeting typography zones. Design DNA: preserve the source layout logic, color palette, lighting direction, camera angle, negative space, prop relationships, and typography zones; replace the original food/product with [INPUT_PRODUCT] while matching perspective, scale, shadows, texture, and appetite appeal. Use editable placeholder copy only, avoid real logos unless supplied, and keep the final result polished, photoreal, high-resolution, and campaign-ready.",Bakery
16,BAKERY/13958cff2d53ee39dbcfccf9bf527b04.jpg,"Create a premium bakery advertising image using [INPUT_PRODUCT] as the replaceable hero product. Photograph DNA: single plated cream pastry on stacked magazines, sky-blue seamless background, tiny garnish pieces scattered; clean playful editorial, centered product with ample negative space. Design DNA: preserve the source layout logic, color palette, lighting direction, camera angle, negative space, prop relationships, and typography zones; replace the original food/product with [INPUT_PRODUCT] while matching perspective, scale, shadows, texture, and appetite appeal. Use editable placeholder copy only, avoid real logos unless supplied, and keep the final result polished, photoreal, high-resolution, and campaign-ready.",Bakery
17,BAKERY/13ca02c010d05836c03590d107d2a62e.jpg,"Create a premium bakery advertising image using [INPUT_PRODUCT] as the replaceable hero product. Photograph DNA: cheesecake slice poster on rich brown background with hand lifting cloche, warm restaurant light; circular text path, price/order strip at bottom, indulgent menu-ad design. Design DNA: preserve the source layout logic, color palette, lighting direction, camera angle, negative space, prop relationships, and typography zones; replace the original food/product with [INPUT_PRODUCT] while matching perspective, scale, shadows, texture, and appetite appeal. Use editable placeholder copy only, avoid real logos unless supplied, and keep the final result polished, photoreal, high-resolution, and campaign-ready.",Bakery
18,BAKERY/16ac2862de0e6a8bb54a2f9ecb51f3e7.jpg,"Create a premium bakery advertising image using [INPUT_PRODUCT] as the replaceable hero product. Photograph DNA: three spiral pastries floating vertically over pink background, hard shadow below; gravity-defying product stack, minimal composition, candy-color social post. Design DNA: preserve the source layout logic, color palette, lighting direction, camera angle, negative space, prop relationships, and typography zones; replace the original food/product with [INPUT_PRODUCT] while matching perspective, scale, shadows, texture, and appetite appeal. Use editable placeholder copy only, avoid real logos unless supplied, and keep the final result polished, photoreal, high-resolution, and campaign-ready.",Bakery
19,BAKERY/185eb5033bb14bb78a0b7349eb982da0.jpg,"Create a premium bakery advertising image using [INPUT_PRODUCT] as the replaceable hero product. Photograph DNA: large croissant on scalloped white plate in sunlit cafe table scene, blue gingham shadows; top-down lifestyle brunch image with script greeting overlay. Design DNA: preserve the source layout logic, color palette, lighting direction, camera angle, negative space, prop relationships, and typography zones; replace the original food/product with [INPUT_PRODUCT] while matching perspective, scale, shadows, texture, and appetite appeal. Use editable placeholder copy only, avoid real logos unless supplied, and keep the final result polished, photoreal, high-resolution, and campaign-ready.",Bakery
20,BAKERY/1bafa08405c75b635b7441152d50489b.jpg,"Create a premium bakery advertising image using [INPUT_PRODUCT] as the replaceable hero product. Photograph DNA: tea being poured from white kettle into cup on teal and red split background, long shadows; product-as-companion composition, angular color blocking, refined beverage-pairing poster. Design DNA: preserve the source layout logic, color palette, lighting direction, camera angle, negative space, prop relationships, and typography zones; replace the original food/product with [INPUT_PRODUCT] while matching perspective, scale, shadows, texture, and appetite appeal. Use editable placeholder copy only, avoid real logos unless supplied, and keep the final result polished, photoreal, high-resolution, and campaign-ready.",Bakery
21,BAKERY/1bc9b14d1615a18cdb5947ed60dc2b7c.jpg,"Create a premium bakery advertising image using [INPUT_PRODUCT] as the replaceable hero product. Photograph DNA: cheesecake and chocolate slice on pink satin drape, warm softbox light; premium dessert duo, elegant serif headline, fashion editorial color palette. Design DNA: preserve the source layout logic, color palette, lighting direction, camera angle, negative space, prop relationships, and typography zones; replace the original food/product with [INPUT_PRODUCT] while matching perspective, scale, shadows, texture, and appetite appeal. Use editable placeholder copy only, avoid real logos unless supplied, and keep the final result polished, photoreal, high-resolution, and campaign-ready.",Bakery
22,BAKERY/1c185b19fc88f31d3b637741b7863caf.jpg,"Create a premium bakery advertising image using [INPUT_PRODUCT] as the replaceable hero product. Photograph DNA: single macaron on tiny pedestal atop draped fabric mountain in blue sky clouds, surreal sunlight; aspirational fantasy scale, ladder detail, luxury dream-poster composition. Design DNA: preserve the source layout logic, color palette, lighting direction, camera angle, negative space, prop relationships, and typography zones; replace the original food/product with [INPUT_PRODUCT] while matching perspective, scale, shadows, texture, and appetite appeal. Use editable placeholder copy only, avoid real logos unless supplied, and keep the final result polished, photoreal, high-resolution, and campaign-ready.",Bakery
23,BAKERY/1cb499c3db3e1a2755881faf9c7ce57c.jpg,"Create a premium bakery advertising image using [INPUT_PRODUCT] as the replaceable hero product. Photograph DNA: multiple croissants repeated across warm cream surface, shallow perspective; appetizing bakery pattern, small center copy zone, clean commercial food poster. Design DNA: preserve the source layout logic, color palette, lighting direction, camera angle, negative space, prop relationships, and typography zones; replace the original food/product with [INPUT_PRODUCT] while matching perspective, scale, shadows, texture, and appetite appeal. Use editable placeholder copy only, avoid real logos unless supplied, and keep the final result polished, photoreal, high-resolution, and campaign-ready.",Bakery
24,BAKERY/266192fa088852473b8097bba415e5e5.jpg,"Create a premium bakery advertising image using [INPUT_PRODUCT] as the replaceable hero product. Photograph DNA: bitten cookie resting on top of milk glass against solid red, crisp front light; bold contrast, playful snack moment, centered vertical product stack. Design DNA: preserve the source layout logic, color palette, lighting direction, camera angle, negative space, prop relationships, and typography zones; replace the original food/product with [INPUT_PRODUCT] while matching perspective, scale, shadows, texture, and appetite appeal. Use editable placeholder copy only, avoid real logos unless supplied, and keep the final result polished, photoreal, high-resolution, and campaign-ready.",Bakery
25,BAKERY/279f852231eb4e643b83d9b7305dfd33.jpg,"Create a premium bakery advertising image using [INPUT_PRODUCT] as the replaceable hero product. Photograph DNA: blueberry croissant on peach satin cloth, low warm side light; quiet luxury food still life, gentle folds, shallow shadow and premium texture. Design DNA: preserve the source layout logic, color palette, lighting direction, camera angle, negative space, prop relationships, and typography zones; replace the original food/product with [INPUT_PRODUCT] while matching perspective, scale, shadows, texture, and appetite appeal. Use editable placeholder copy only, avoid real logos unless supplied, and keep the final result polished, photoreal, high-resolution, and campaign-ready.",Bakery
26,BAKERY/2cbe140713d2eb791be8b3f5f59d8ddb.jpg,"Create a premium bakery advertising image using [INPUT_PRODUCT] as the replaceable hero product. Photograph DNA: wrapped pastry pieces suspended on string against blue background with crumbs and cinnamon flying; kinetic levitation shot, vertical motion, crisp product fragments. Design DNA: preserve the source layout logic, color palette, lighting direction, camera angle, negative space, prop relationships, and typography zones; replace the original food/product with [INPUT_PRODUCT] while matching perspective, scale, shadows, texture, and appetite appeal. Use editable placeholder copy only, avoid real logos unless supplied, and keep the final result polished, photoreal, high-resolution, and campaign-ready.",Bakery
27,BAKERY/2dc7737feaafb363f6df39a0ebc886b3.jpg,"Create a premium bakery advertising image using [INPUT_PRODUCT] as the replaceable hero product. Photograph DNA: chocolate bonbons in coupe glass with branded bag on dark brown gradient, moody rim light; luxury confectionery still life, centered goblet silhouette, warm highlights. Design DNA: preserve the source layout logic, color palette, lighting direction, camera angle, negative space, prop relationships, and typography zones; replace the original food/product with [INPUT_PRODUCT] while matching perspective, scale, shadows, texture, and appetite appeal. Use editable placeholder copy only, avoid real logos unless supplied, and keep the final result polished, photoreal, high-resolution, and campaign-ready.",Bakery
28,BAKERY/2dc8f52554b6f8b248737e9cfa6096d9.jpg,"Create a premium bakery advertising image using [INPUT_PRODUCT] as the replaceable hero product. Photograph DNA: assorted truffles on gold cylindrical pedestals under dark amber spotlight; opulent tiered product theater, dramatic shadows, premium chocolate campaign. Design DNA: preserve the source layout logic, color palette, lighting direction, camera angle, negative space, prop relationships, and typography zones; replace the original food/product with [INPUT_PRODUCT] while matching perspective, scale, shadows, texture, and appetite appeal. Use editable placeholder copy only, avoid real logos unless supplied, and keep the final result polished, photoreal, high-resolution, and campaign-ready.",Bakery
29,BAKERY/2ed5e1f532b3933cb91ea108f64bb541.jpg,"Create a premium bakery advertising image using [INPUT_PRODUCT] as the replaceable hero product. Photograph DNA: hand playing chocolate pieces on checkerboard, beige tabletop and minimal background; strategic game metaphor, overhead editorial photo, small caption area. Design DNA: preserve the source layout logic, color palette, lighting direction, camera angle, negative space, prop relationships, and typography zones; replace the original food/product with [INPUT_PRODUCT] while matching perspective, scale, shadows, texture, and appetite appeal. Use editable placeholder copy only, avoid real logos unless supplied, and keep the final result polished, photoreal, high-resolution, and campaign-ready.",Bakery
30,BAKERY/30650cf89ddb2721a18808447445fe8b.jpg,"Create a premium bakery advertising image using [INPUT_PRODUCT] as the replaceable hero product. Photograph DNA: round product/flavor icons orbiting center logo on pale yellow; flat-lay flavor wheel, playful graphic clock layout, bright youthful palette. Design DNA: preserve the source layout logic, color palette, lighting direction, camera angle, negative space, prop relationships, and typography zones; replace the original food/product with [INPUT_PRODUCT] while matching perspective, scale, shadows, texture, and appetite appeal. Use editable placeholder copy only, avoid real logos unless supplied, and keep the final result polished, photoreal, high-resolution, and campaign-ready.",Bakery
31,BAKERY/34dec6d6c8c284234abc04662d91edec.jpg,"Create a premium bakery advertising image using [INPUT_PRODUCT] as the replaceable hero product. Photograph DNA: chocolate pieces around flowing gold ribbon on deep purple poster, glossy highlights; premium vertical ad, dynamic ribbon path, small QR/copy zone. Design DNA: preserve the source layout logic, color palette, lighting direction, camera angle, negative space, prop relationships, and typography zones; replace the original food/product with [INPUT_PRODUCT] while matching perspective, scale, shadows, texture, and appetite appeal. Use editable placeholder copy only, avoid real logos unless supplied, and keep the final result polished, photoreal, high-resolution, and campaign-ready.",Bakery
32,BAKERY/355e305a6254804698413b695ca6729c.jpg,"Create a premium bakery advertising image using [INPUT_PRODUCT] as the replaceable hero product. Photograph DNA: minimal poster with pink scoop replacing the word 'you' letterform on off-white background; large typographic composition, sparse modern design, soft product shadow. Design DNA: preserve the source layout logic, color palette, lighting direction, camera angle, negative space, prop relationships, and typography zones; replace the original food/product with [INPUT_PRODUCT] while matching perspective, scale, shadows, texture, and appetite appeal. Use editable placeholder copy only, avoid real logos unless supplied, and keep the final result polished, photoreal, high-resolution, and campaign-ready.",Bakery
33,BAKERY/365024e2f990bc2f0251f2aa8578451d.jpg,"Create a premium bakery advertising image using [INPUT_PRODUCT] as the replaceable hero product. Photograph DNA: stacked yellow macarons with illustrated person sitting on top, white studio field; cute brand illustration mixed with real product, playful mascot poster. Design DNA: preserve the source layout logic, color palette, lighting direction, camera angle, negative space, prop relationships, and typography zones; replace the original food/product with [INPUT_PRODUCT] while matching perspective, scale, shadows, texture, and appetite appeal. Use editable placeholder copy only, avoid real logos unless supplied, and keep the final result polished, photoreal, high-resolution, and campaign-ready.",Bakery
34,BAKERY/377541d016bf4bc966ed641fd3c343f0.jpg,"Create a premium bakery advertising image using [INPUT_PRODUCT] as the replaceable hero product. Photograph DNA: croissants stacked impossibly on white column against blue sky, airy daylight; surreal bakery pedestal, levitation and clouds, premium whimsical campaign. Design DNA: preserve the source layout logic, color palette, lighting direction, camera angle, negative space, prop relationships, and typography zones; replace the original food/product with [INPUT_PRODUCT] while matching perspective, scale, shadows, texture, and appetite appeal. Use editable placeholder copy only, avoid real logos unless supplied, and keep the final result polished, photoreal, high-resolution, and campaign-ready.",Bakery
35,BAKERY/37d54ad153ab4ede54e1327283c988e5.jpg,"Create a premium bakery advertising image using [INPUT_PRODUCT] as the replaceable hero product. Photograph DNA: hand holding sauce bottle above dessert on golden background, Arabic-style menu poster; vertical pour action, product at lower third, bold localized typography zones. Design DNA: preserve the source layout logic, color palette, lighting direction, camera angle, negative space, prop relationships, and typography zones; replace the original food/product with [INPUT_PRODUCT] while matching perspective, scale, shadows, texture, and appetite appeal. Use editable placeholder copy only, avoid real logos unless supplied, and keep the final result polished, photoreal, high-resolution, and campaign-ready.",Bakery
36,BAKERY/388ac48d44ca9cb3361bfd51dc23793f.jpg,"Create a premium bakery advertising image using [INPUT_PRODUCT] as the replaceable hero product. Photograph DNA: strawberry cake slice cutout on deep red poster with annotation lines; technical flavor callouts, premium editorial diagram, centered product isolation. Design DNA: preserve the source layout logic, color palette, lighting direction, camera angle, negative space, prop relationships, and typography zones; replace the original food/product with [INPUT_PRODUCT] while matching perspective, scale, shadows, texture, and appetite appeal. Use editable placeholder copy only, avoid real logos unless supplied, and keep the final result polished, photoreal, high-resolution, and campaign-ready.",Bakery
37,BAKERY/3c2c80119463fceba62713aa45a780ce.jpg,"Create a premium bakery advertising image using [INPUT_PRODUCT] as the replaceable hero product. Photograph DNA: croissants and paper bag on warm orange surface, hard sunlight shadows; take-away bakery poster, product plus packaging, large vintage headline space. Design DNA: preserve the source layout logic, color palette, lighting direction, camera angle, negative space, prop relationships, and typography zones; replace the original food/product with [INPUT_PRODUCT] while matching perspective, scale, shadows, texture, and appetite appeal. Use editable placeholder copy only, avoid real logos unless supplied, and keep the final result polished, photoreal, high-resolution, and campaign-ready.",Bakery
38,BAKERY/3c58b01f90091b307fd26ec9d8af3f9e.jpg,"Create a premium bakery advertising image using [INPUT_PRODUCT] as the replaceable hero product. Photograph DNA: decorated cake held before blue curtains, spotlighted hands, dramatic stage lighting; celebration product reveal, centered premium logo space, theatrical bakery portrait. Design DNA: preserve the source layout logic, color palette, lighting direction, camera angle, negative space, prop relationships, and typography zones; replace the original food/product with [INPUT_PRODUCT] while matching perspective, scale, shadows, texture, and appetite appeal. Use editable placeholder copy only, avoid real logos unless supplied, and keep the final result polished, photoreal, high-resolution, and campaign-ready.",Bakery
39,BAKERY/3c84ab272f4413815b9d2ed3f85af722.jpg,"Create a premium bakery advertising image using [INPUT_PRODUCT] as the replaceable hero product. Photograph DNA: ornate tray held by hand with rose-shaped pastry on black background; chiaroscuro still life, top-down luxury serving moment, minimal text. Design DNA: preserve the source layout logic, color palette, lighting direction, camera angle, negative space, prop relationships, and typography zones; replace the original food/product with [INPUT_PRODUCT] while matching perspective, scale, shadows, texture, and appetite appeal. Use editable placeholder copy only, avoid real logos unless supplied, and keep the final result polished, photoreal, high-resolution, and campaign-ready.",Bakery
40,BAKERY/412ce908379b711bf9c9c7c321e697ac.jpg,"Create a premium bakery advertising image using [INPUT_PRODUCT] as the replaceable hero product. Photograph DNA: stacked jam pastry cross-sections on cream poster, red typography and retro border; appetizing sliced layers, bakery menu poster, bold headline hierarchy. Design DNA: preserve the source layout logic, color palette, lighting direction, camera angle, negative space, prop relationships, and typography zones; replace the original food/product with [INPUT_PRODUCT] while matching perspective, scale, shadows, texture, and appetite appeal. Use editable placeholder copy only, avoid real logos unless supplied, and keep the final result polished, photoreal, high-resolution, and campaign-ready.",Bakery
41,BAKERY/415a277da595bc030cf915c2481c02ff.jpg,"Create a premium bakery advertising image using [INPUT_PRODUCT] as the replaceable hero product. Photograph DNA: product spread painted on canvas easel with utensil as brush, light blue studio; masterpiece metaphor, product-as-art, clean ad copy block. Design DNA: preserve the source layout logic, color palette, lighting direction, camera angle, negative space, prop relationships, and typography zones; replace the original food/product with [INPUT_PRODUCT] while matching perspective, scale, shadows, texture, and appetite appeal. Use editable placeholder copy only, avoid real logos unless supplied, and keep the final result polished, photoreal, high-resolution, and campaign-ready.",Bakery
42,BAKERY/42417038278e812478cbc1e24a1c100d.jpg,"Create a premium bakery advertising image using [INPUT_PRODUCT] as the replaceable hero product. Photograph DNA: takeaway cup peeking between blue curtains, theatrical spotlight and deep shadows; secret reveal composition, narrow vertical product focus, premium cafe mood. Design DNA: preserve the source layout logic, color palette, lighting direction, camera angle, negative space, prop relationships, and typography zones; replace the original food/product with [INPUT_PRODUCT] while matching perspective, scale, shadows, texture, and appetite appeal. Use editable placeholder copy only, avoid real logos unless supplied, and keep the final result polished, photoreal, high-resolution, and campaign-ready.",Bakery
43,BAKERY/459e46ef96a1e88e0d31eed7d24bb5bc.jpg,"Create a premium bakery advertising image using [INPUT_PRODUCT] as the replaceable hero product. Photograph DNA: triangular cake slices arranged along diagonal color stripes, bold red/blue/brown palette; geometric poster system, flavor variety display, sticker-like label zone. Design DNA: preserve the source layout logic, color palette, lighting direction, camera angle, negative space, prop relationships, and typography zones; replace the original food/product with [INPUT_PRODUCT] while matching perspective, scale, shadows, texture, and appetite appeal. Use editable placeholder copy only, avoid real logos unless supplied, and keep the final result polished, photoreal, high-resolution, and campaign-ready.",Bakery
44,BAKERY/467ea0f031563c4406f71ee6eafebec9.jpg,"Create a premium bakery advertising image using [INPUT_PRODUCT] as the replaceable hero product. Photograph DNA: chocolate bar wall with one square removed revealing dessert layer inside, macro texture; hidden core reveal, tiled pattern composition, premium close-up. Design DNA: preserve the source layout logic, color palette, lighting direction, camera angle, negative space, prop relationships, and typography zones; replace the original food/product with [INPUT_PRODUCT] while matching perspective, scale, shadows, texture, and appetite appeal. Use editable placeholder copy only, avoid real logos unless supplied, and keep the final result polished, photoreal, high-resolution, and campaign-ready.",Bakery
45,BAKERY/4a0e1433fa841328e3fd6e48abb9c0a7.jpg,"Create a premium bakery advertising image using [INPUT_PRODUCT] as the replaceable hero product. Photograph DNA: woman holding basket of baked goods in home kitchen, wide-angle documentary feel; warm lifestyle brand story, human scale, regional bakery authenticity. Design DNA: preserve the source layout logic, color palette, lighting direction, camera angle, negative space, prop relationships, and typography zones; replace the original food/product with [INPUT_PRODUCT] while matching perspective, scale, shadows, texture, and appetite appeal. Use editable placeholder copy only, avoid real logos unless supplied, and keep the final result polished, photoreal, high-resolution, and campaign-ready.",Bakery
46,BAKERY/51a44e6d0f444c82ce8f9e154fec7782.jpg,"Create a premium bakery advertising image using [INPUT_PRODUCT] as the replaceable hero product. Photograph DNA: keyhole-shaped cutout revealing pastry scene on red background, dramatic vignette; mystery/temptation concept, product framed inside symbolic aperture. Design DNA: preserve the source layout logic, color palette, lighting direction, camera angle, negative space, prop relationships, and typography zones; replace the original food/product with [INPUT_PRODUCT] while matching perspective, scale, shadows, texture, and appetite appeal. Use editable placeholder copy only, avoid real logos unless supplied, and keep the final result polished, photoreal, high-resolution, and campaign-ready.",Bakery
47,BAKERY/594bda60651fad5e51cc8d23a574f106.jpg,"Create a premium bakery advertising image using [INPUT_PRODUCT] as the replaceable hero product. Photograph DNA: soft-serve dessert cone centered on pink background, playful cup graphics and strawberry topper; clean characterful dessert poster, rounded shapes and pastel palette. Design DNA: preserve the source layout logic, color palette, lighting direction, camera angle, negative space, prop relationships, and typography zones; replace the original food/product with [INPUT_PRODUCT] while matching perspective, scale, shadows, texture, and appetite appeal. Use editable placeholder copy only, avoid real logos unless supplied, and keep the final result polished, photoreal, high-resolution, and campaign-ready.",Bakery
48,BAKERY/5c907f9e8ea45849fb9364e1c13fff80.jpg,"Create a premium bakery advertising image using [INPUT_PRODUCT] as the replaceable hero product. Photograph DNA: croissant on patterned brown typography background with yellow doodle lines; graphic snack poster, product centered, repeating word texture. Design DNA: preserve the source layout logic, color palette, lighting direction, camera angle, negative space, prop relationships, and typography zones; replace the original food/product with [INPUT_PRODUCT] while matching perspective, scale, shadows, texture, and appetite appeal. Use editable placeholder copy only, avoid real logos unless supplied, and keep the final result polished, photoreal, high-resolution, and campaign-ready.",Bakery
49,BAKERY/5e1f11c009d582e5752e6bfa869da38b.jpg,"Create a premium bakery advertising image using [INPUT_PRODUCT] as the replaceable hero product. Photograph DNA: dessert cups on deep red background with script labels, glossy toppings and snow-like crumbs; flavor lineup poster, luxury cafe menu mood. Design DNA: preserve the source layout logic, color palette, lighting direction, camera angle, negative space, prop relationships, and typography zones; replace the original food/product with [INPUT_PRODUCT] while matching perspective, scale, shadows, texture, and appetite appeal. Use editable placeholder copy only, avoid real logos unless supplied, and keep the final result polished, photoreal, high-resolution, and campaign-ready.",Bakery
50,BAKERY/622296d9d8d939405e259d6272d36222.jpg,"Create a premium bakery advertising image using [INPUT_PRODUCT] as the replaceable hero product. Photograph DNA: bitten cookie followed by chocolate dots on pale mint background; minimalist sequence visual, product-as-punctuation, playful negative space. Design DNA: preserve the source layout logic, color palette, lighting direction, camera angle, negative space, prop relationships, and typography zones; replace the original food/product with [INPUT_PRODUCT] while matching perspective, scale, shadows, texture, and appetite appeal. Use editable placeholder copy only, avoid real logos unless supplied, and keep the final result polished, photoreal, high-resolution, and campaign-ready.",Bakery
51,BAKERY/65819a46bc5440947aac665d5ce3e056.jpg,"Create a premium bakery advertising image using [INPUT_PRODUCT] as the replaceable hero product. Photograph DNA: berry tart on gold stand with sauce poured from floating cup, blue studio background; surreal pour action, elegant pedestal, fruit accents in midair. Design DNA: preserve the source layout logic, color palette, lighting direction, camera angle, negative space, prop relationships, and typography zones; replace the original food/product with [INPUT_PRODUCT] while matching perspective, scale, shadows, texture, and appetite appeal. Use editable placeholder copy only, avoid real logos unless supplied, and keep the final result polished, photoreal, high-resolution, and campaign-ready.",Bakery
52,BAKERY/66701d9d048e086f037f22aa47e744ed.jpg,"Create a premium bakery advertising image using [INPUT_PRODUCT] as the replaceable hero product. Photograph DNA: assorted chocolates arranged in flowing brown sauce shape on beige poster; premium craft confectionery layout, vertical copy block, glossy organic frame. Design DNA: preserve the source layout logic, color palette, lighting direction, camera angle, negative space, prop relationships, and typography zones; replace the original food/product with [INPUT_PRODUCT] while matching perspective, scale, shadows, texture, and appetite appeal. Use editable placeholder copy only, avoid real logos unless supplied, and keep the final result polished, photoreal, high-resolution, and campaign-ready.",Bakery
53,BAKERY/675f33255d6e941e43347a669e96898e.jpg,"Create a premium bakery advertising image using [INPUT_PRODUCT] as the replaceable hero product. Photograph DNA: hands holding fork and knife above plated cake on pastel split background; whimsical dining setup, minimal props, playful ready-to-eat story. Design DNA: preserve the source layout logic, color palette, lighting direction, camera angle, negative space, prop relationships, and typography zones; replace the original food/product with [INPUT_PRODUCT] while matching perspective, scale, shadows, texture, and appetite appeal. Use editable placeholder copy only, avoid real logos unless supplied, and keep the final result polished, photoreal, high-resolution, and campaign-ready.",Bakery
54,BAKERY/678380536c6f49245331e5581aef2d4f.jpg,"Create a premium bakery advertising image using [INPUT_PRODUCT] as the replaceable hero product. Photograph DNA: ice cream bar or cake pop on cream plate with berries, top-down clean light; polished product close-up, soft shadows, elegant wrapper/label zone. Design DNA: preserve the source layout logic, color palette, lighting direction, camera angle, negative space, prop relationships, and typography zones; replace the original food/product with [INPUT_PRODUCT] while matching perspective, scale, shadows, texture, and appetite appeal. Use editable placeholder copy only, avoid real logos unless supplied, and keep the final result polished, photoreal, high-resolution, and campaign-ready.",Bakery
55,BAKERY/69a4cbd32c5388a3ccea58048d955d4e.jpg,"Create a premium bakery advertising image using [INPUT_PRODUCT] as the replaceable hero product. Photograph DNA: caramel-glazed pastries stacked on orange background with caramel drips; monochrome indulgence palette, sticky texture macro, bold product cluster. Design DNA: preserve the source layout logic, color palette, lighting direction, camera angle, negative space, prop relationships, and typography zones; replace the original food/product with [INPUT_PRODUCT] while matching perspective, scale, shadows, texture, and appetite appeal. Use editable placeholder copy only, avoid real logos unless supplied, and keep the final result polished, photoreal, high-resolution, and campaign-ready.",Bakery
56,BAKERY/6abc6cb9b2c0fd7531a9f3732f248f42.jpg,"Create a premium bakery advertising image using [INPUT_PRODUCT] as the replaceable hero product. Photograph DNA: small dessert and tea on orange table with book and fabric, warm side light; cozy reading ritual, lifestyle still life, calm negative space. Design DNA: preserve the source layout logic, color palette, lighting direction, camera angle, negative space, prop relationships, and typography zones; replace the original food/product with [INPUT_PRODUCT] while matching perspective, scale, shadows, texture, and appetite appeal. Use editable placeholder copy only, avoid real logos unless supplied, and keep the final result polished, photoreal, high-resolution, and campaign-ready.",Bakery
57,BAKERY/6adff9733ef54e0bc6e59fa13990661b.jpg,"Create a premium bakery advertising image using [INPUT_PRODUCT] as the replaceable hero product. Photograph DNA: donut integrated into oversized WOW typography on red field; bold wordmark product substitution, high-contrast social ad, minimal branding. Design DNA: preserve the source layout logic, color palette, lighting direction, camera angle, negative space, prop relationships, and typography zones; replace the original food/product with [INPUT_PRODUCT] while matching perspective, scale, shadows, texture, and appetite appeal. Use editable placeholder copy only, avoid real logos unless supplied, and keep the final result polished, photoreal, high-resolution, and campaign-ready.",Bakery
58,BAKERY/6af96610bd32947db51fd85bd8119b2a.jpg,"Create a premium bakery advertising image using [INPUT_PRODUCT] as the replaceable hero product. Photograph DNA: hands holding dessert cup against burgundy sweater and dark festive background; cozy premium close-up, tactile human warmth, small serif copy zone. Design DNA: preserve the source layout logic, color palette, lighting direction, camera angle, negative space, prop relationships, and typography zones; replace the original food/product with [INPUT_PRODUCT] while matching perspective, scale, shadows, texture, and appetite appeal. Use editable placeholder copy only, avoid real logos unless supplied, and keep the final result polished, photoreal, high-resolution, and campaign-ready.",Bakery
59,BAKERY/6e6d05b060adaeca53b423c64a4b200e.jpg,"Create a premium bakery advertising image using [INPUT_PRODUCT] as the replaceable hero product. Photograph DNA: cookies floating and falling over purple poster with crumbs, crisp studio light; dynamic snack cascade, vertical movement, small product-info blocks. Design DNA: preserve the source layout logic, color palette, lighting direction, camera angle, negative space, prop relationships, and typography zones; replace the original food/product with [INPUT_PRODUCT] while matching perspective, scale, shadows, texture, and appetite appeal. Use editable placeholder copy only, avoid real logos unless supplied, and keep the final result polished, photoreal, high-resolution, and campaign-ready.",Bakery
60,BAKERY/6e7e3dc23cb929358e31b6e62d4d1ed1.jpg,"Create a premium bakery advertising image using [INPUT_PRODUCT] as the replaceable hero product. Photograph DNA: hands breaking molten chocolate cookie on turquoise background; appetizing pull-apart macro, human interaction, gooey center emphasis. Design DNA: preserve the source layout logic, color palette, lighting direction, camera angle, negative space, prop relationships, and typography zones; replace the original food/product with [INPUT_PRODUCT] while matching perspective, scale, shadows, texture, and appetite appeal. Use editable placeholder copy only, avoid real logos unless supplied, and keep the final result polished, photoreal, high-resolution, and campaign-ready.",Bakery
61,BAKERY/6ef2b8602f58cfb8240658eb718f2c65.jpg,"Create a premium bakery advertising image using [INPUT_PRODUCT] as the replaceable hero product. Photograph DNA: single cake slice on dark green pedestal, minimal logo at top, strong side shadow; restrained luxury poster, centered hero and deep color field. Design DNA: preserve the source layout logic, color palette, lighting direction, camera angle, negative space, prop relationships, and typography zones; replace the original food/product with [INPUT_PRODUCT] while matching perspective, scale, shadows, texture, and appetite appeal. Use editable placeholder copy only, avoid real logos unless supplied, and keep the final result polished, photoreal, high-resolution, and campaign-ready.",Bakery
62,BAKERY/714a8228bd54fed7cdc0987ed51f14b7.jpg,"Create a premium bakery advertising image using [INPUT_PRODUCT] as the replaceable hero product. Photograph DNA: assorted pastries and cakes on cobalt table with arched backdrop, warm highlights; architectural studio set, premium collection layout, deep blue-gold palette. Design DNA: preserve the source layout logic, color palette, lighting direction, camera angle, negative space, prop relationships, and typography zones; replace the original food/product with [INPUT_PRODUCT] while matching perspective, scale, shadows, texture, and appetite appeal. Use editable placeholder copy only, avoid real logos unless supplied, and keep the final result polished, photoreal, high-resolution, and campaign-ready.",Bakery
63,BAKERY/733586e773b7e6c3b164c8f9a8552587.jpg,"Create a premium bakery advertising image using [INPUT_PRODUCT] as the replaceable hero product. Photograph DNA: stacked cute pastries and cup characters on pink background; kawaii bakery tower, playful faces, bright youth-oriented brand poster. Design DNA: preserve the source layout logic, color palette, lighting direction, camera angle, negative space, prop relationships, and typography zones; replace the original food/product with [INPUT_PRODUCT] while matching perspective, scale, shadows, texture, and appetite appeal. Use editable placeholder copy only, avoid real logos unless supplied, and keep the final result polished, photoreal, high-resolution, and campaign-ready.",Bakery
64,BAKERY/7420bdd7c399c7fe12e1ae261449d27e.jpg,"Create a premium bakery advertising image using [INPUT_PRODUCT] as the replaceable hero product. Photograph DNA: croissants hanging vertically with pink filling drip on dark burgundy background; suspended motion, moody dessert theater, sensual color contrast. Design DNA: preserve the source layout logic, color palette, lighting direction, camera angle, negative space, prop relationships, and typography zones; replace the original food/product with [INPUT_PRODUCT] while matching perspective, scale, shadows, texture, and appetite appeal. Use editable placeholder copy only, avoid real logos unless supplied, and keep the final result polished, photoreal, high-resolution, and campaign-ready.",Bakery
65,BAKERY/75cfafddf75dae6372e7731426cfda38.jpg,"Create a premium bakery advertising image using [INPUT_PRODUCT] as the replaceable hero product. Photograph DNA: floating toast or pastry with butter under golden sunbeam, white plate below; magical breakfast moment, dust particles, editorial copy block beneath. Design DNA: preserve the source layout logic, color palette, lighting direction, camera angle, negative space, prop relationships, and typography zones; replace the original food/product with [INPUT_PRODUCT] while matching perspective, scale, shadows, texture, and appetite appeal. Use editable placeholder copy only, avoid real logos unless supplied, and keep the final result polished, photoreal, high-resolution, and campaign-ready.",Bakery
66,BAKERY/772b3f5e19f6aece80772e70c98b1f27.jpg,"Create a premium bakery advertising image using [INPUT_PRODUCT] as the replaceable hero product. Photograph DNA: cake slice drenched in chocolate sauce on warm brown background, tight crop; decadent action macro, dripping texture, minimal flavor label. Design DNA: preserve the source layout logic, color palette, lighting direction, camera angle, negative space, prop relationships, and typography zones; replace the original food/product with [INPUT_PRODUCT] while matching perspective, scale, shadows, texture, and appetite appeal. Use editable placeholder copy only, avoid real logos unless supplied, and keep the final result polished, photoreal, high-resolution, and campaign-ready.",Bakery
67,BAKERY/778f2f43e8a53ef229da1213012cf571.jpg,"Create a premium bakery advertising image using [INPUT_PRODUCT] as the replaceable hero product. Photograph DNA: green layer cake on fork against dark green poster, centered vertical; taste-call-to-action typography, fork-as-pedestal, premium dessert ad. Design DNA: preserve the source layout logic, color palette, lighting direction, camera angle, negative space, prop relationships, and typography zones; replace the original food/product with [INPUT_PRODUCT] while matching perspective, scale, shadows, texture, and appetite appeal. Use editable placeholder copy only, avoid real logos unless supplied, and keep the final result polished, photoreal, high-resolution, and campaign-ready.",Bakery
68,BAKERY/78d6c819a2f799aab8949d010cfd02dd.jpg,"Create a premium bakery advertising image using [INPUT_PRODUCT] as the replaceable hero product. Photograph DNA: jam jar surrounded by floating strawberries on rich red background, shallow depth; ingredient origin story, product packshot, energetic fruit motion. Design DNA: preserve the source layout logic, color palette, lighting direction, camera angle, negative space, prop relationships, and typography zones; replace the original food/product with [INPUT_PRODUCT] while matching perspective, scale, shadows, texture, and appetite appeal. Use editable placeholder copy only, avoid real logos unless supplied, and keep the final result polished, photoreal, high-resolution, and campaign-ready.",Bakery
69,BAKERY/792355cbf11baec3762e5c3115a01fc9.jpg,"Create a premium bakery advertising image using [INPUT_PRODUCT] as the replaceable hero product. Photograph DNA: matcha strawberry cake poster with close-up cake base and large green headline; fresh botanical palette, bold block typography, flavor-forward design. Design DNA: preserve the source layout logic, color palette, lighting direction, camera angle, negative space, prop relationships, and typography zones; replace the original food/product with [INPUT_PRODUCT] while matching perspective, scale, shadows, texture, and appetite appeal. Use editable placeholder copy only, avoid real logos unless supplied, and keep the final result polished, photoreal, high-resolution, and campaign-ready.",Bakery
70,BAKERY/7bbea1e6c5e22575788d48cd8476a9aa.jpg,"Create a premium bakery advertising image using [INPUT_PRODUCT] as the replaceable hero product. Photograph DNA: packaged dessert among floating churros on tan textured background; ingredient orbit pattern, retail packshot hero, playful motion. Design DNA: preserve the source layout logic, color palette, lighting direction, camera angle, negative space, prop relationships, and typography zones; replace the original food/product with [INPUT_PRODUCT] while matching perspective, scale, shadows, texture, and appetite appeal. Use editable placeholder copy only, avoid real logos unless supplied, and keep the final result polished, photoreal, high-resolution, and campaign-ready.",Bakery
71,BAKERY/7f5efe45e3c06cdb76b2c9011221abfe.jpg,"Create a premium bakery advertising image using [INPUT_PRODUCT] as the replaceable hero product. Photograph DNA: pink multi-product dessert poster with Korean-style text zones and soft studio set; dessert assortment, gentle pastel lighting, organized menu layout. Design DNA: preserve the source layout logic, color palette, lighting direction, camera angle, negative space, prop relationships, and typography zones; replace the original food/product with [INPUT_PRODUCT] while matching perspective, scale, shadows, texture, and appetite appeal. Use editable placeholder copy only, avoid real logos unless supplied, and keep the final result polished, photoreal, high-resolution, and campaign-ready.",Bakery
72,BAKERY/823ecbff7255e7a1e09dac7073c6e059.jpg,"Create a premium bakery advertising image using [INPUT_PRODUCT] as the replaceable hero product. Photograph DNA: single pastry centered on plate seen from overhead on dark red table; minimal fine-dining composition, circular geometry, quiet luxury negative space. Design DNA: preserve the source layout logic, color palette, lighting direction, camera angle, negative space, prop relationships, and typography zones; replace the original food/product with [INPUT_PRODUCT] while matching perspective, scale, shadows, texture, and appetite appeal. Use editable placeholder copy only, avoid real logos unless supplied, and keep the final result polished, photoreal, high-resolution, and campaign-ready.",Bakery
73,BAKERY/82ccbb364dad2cf1981f51c2d222f2d6.jpg,"Create a premium bakery advertising image using [INPUT_PRODUCT] as the replaceable hero product. Photograph DNA: small jar on orange stage with dramatic hand shadow reaching in circular spotlight; theatrical product suspense, monochrome warm palette, tiny hero scale. Design DNA: preserve the source layout logic, color palette, lighting direction, camera angle, negative space, prop relationships, and typography zones; replace the original food/product with [INPUT_PRODUCT] while matching perspective, scale, shadows, texture, and appetite appeal. Use editable placeholder copy only, avoid real logos unless supplied, and keep the final result polished, photoreal, high-resolution, and campaign-ready.",Bakery
74,BAKERY/82e340e5d76f7875510d0dfe1a03ce73.jpg,"Create a premium bakery advertising image using [INPUT_PRODUCT] as the replaceable hero product. Photograph DNA: croissant peeking from behind red horizontal block on pale background, warm daylight; cropped reveal composition, strong shadow, modern editorial poster. Design DNA: preserve the source layout logic, color palette, lighting direction, camera angle, negative space, prop relationships, and typography zones; replace the original food/product with [INPUT_PRODUCT] while matching perspective, scale, shadows, texture, and appetite appeal. Use editable placeholder copy only, avoid real logos unless supplied, and keep the final result polished, photoreal, high-resolution, and campaign-ready.",Bakery
75,BAKERY/8a4b03b8079655ce119d8be8233dd58c.jpg,"Create a premium bakery advertising image using [INPUT_PRODUCT] as the replaceable hero product. Photograph DNA: fork lifting green-filled croissant bite in warm cafe light; first-bite macro, creamy filling pull, large expressive headline space. Design DNA: preserve the source layout logic, color palette, lighting direction, camera angle, negative space, prop relationships, and typography zones; replace the original food/product with [INPUT_PRODUCT] while matching perspective, scale, shadows, texture, and appetite appeal. Use editable placeholder copy only, avoid real logos unless supplied, and keep the final result polished, photoreal, high-resolution, and campaign-ready.",Bakery
76,BAKERY/8d2c82f4242aca13681a55d7853b4ebe.jpg,"Create a premium bakery advertising image using [INPUT_PRODUCT] as the replaceable hero product. Photograph DNA: tiny brownie or chocolate cube in blue-black light with hard stripe shadows; cinematic low-key minimalism, product isolated in negative space. Design DNA: preserve the source layout logic, color palette, lighting direction, camera angle, negative space, prop relationships, and typography zones; replace the original food/product with [INPUT_PRODUCT] while matching perspective, scale, shadows, texture, and appetite appeal. Use editable placeholder copy only, avoid real logos unless supplied, and keep the final result polished, photoreal, high-resolution, and campaign-ready.",Bakery
77,BAKERY/8f0915b0f034ad59d686b6d48c331531.jpg,"Create a premium bakery advertising image using [INPUT_PRODUCT] as the replaceable hero product. Photograph DNA: Japanese pink strawberry cake poster with cute illustrations and cream background; kawaii dessert illustration-photo mix, large native-style headline zone. Design DNA: preserve the source layout logic, color palette, lighting direction, camera angle, negative space, prop relationships, and typography zones; replace the original food/product with [INPUT_PRODUCT] while matching perspective, scale, shadows, texture, and appetite appeal. Use editable placeholder copy only, avoid real logos unless supplied, and keep the final result polished, photoreal, high-resolution, and campaign-ready.",Bakery
78,BAKERY/9104c272103d2df7a50154f8ebfd7643.jpg,"Create a premium bakery advertising image using [INPUT_PRODUCT] as the replaceable hero product. Photograph DNA: hand presenting cake slice through parted red curtains, single spotlight; secret boutique reveal, centered product, dark theatrical frame. Design DNA: preserve the source layout logic, color palette, lighting direction, camera angle, negative space, prop relationships, and typography zones; replace the original food/product with [INPUT_PRODUCT] while matching perspective, scale, shadows, texture, and appetite appeal. Use editable placeholder copy only, avoid real logos unless supplied, and keep the final result polished, photoreal, high-resolution, and campaign-ready.",Bakery
79,BAKERY/910b9c3d9da87ebccf19311bd34f2f9b.jpg,"Create a premium bakery advertising image using [INPUT_PRODUCT] as the replaceable hero product. Photograph DNA: honey or syrup pouring onto filled pastry on black plate against burgundy set; macro indulgence action, glossy drip, elegant low-key lighting. Design DNA: preserve the source layout logic, color palette, lighting direction, camera angle, negative space, prop relationships, and typography zones; replace the original food/product with [INPUT_PRODUCT] while matching perspective, scale, shadows, texture, and appetite appeal. Use editable placeholder copy only, avoid real logos unless supplied, and keep the final result polished, photoreal, high-resolution, and campaign-ready.",Bakery
80,BAKERY/9b8c4b2f4ed64b268a0d4cf356ffd597.jpg,"Create a premium bakery advertising image using [INPUT_PRODUCT] as the replaceable hero product. Photograph DNA: dessert displayed on house-of-cards structure against red velvet, romantic script; playful luxury set design, product at top, love-club mood. Design DNA: preserve the source layout logic, color palette, lighting direction, camera angle, negative space, prop relationships, and typography zones; replace the original food/product with [INPUT_PRODUCT] while matching perspective, scale, shadows, texture, and appetite appeal. Use editable placeholder copy only, avoid real logos unless supplied, and keep the final result polished, photoreal, high-resolution, and campaign-ready.",Bakery
81,BAKERY/9c9438d74a1f5f81d6dd5d7c19613d96.jpg,"Create a premium bakery advertising image using [INPUT_PRODUCT] as the replaceable hero product. Photograph DNA: small plated dessert on red stage with curtain shadows, top-down theatrical lighting; dramatic restaurant dessert still life, rich red palette. Design DNA: preserve the source layout logic, color palette, lighting direction, camera angle, negative space, prop relationships, and typography zones; replace the original food/product with [INPUT_PRODUCT] while matching perspective, scale, shadows, texture, and appetite appeal. Use editable placeholder copy only, avoid real logos unless supplied, and keep the final result polished, photoreal, high-resolution, and campaign-ready.",Bakery
82,BAKERY/9dd7ab7ec45a7b1b44796b3e26016da4.jpg,"Create a premium bakery advertising image using [INPUT_PRODUCT] as the replaceable hero product. Photograph DNA: round tub of pink product surrounded by raspberries on hot pink flat lay; ingredient pattern, top-down symmetry, saturated monochrome color. Design DNA: preserve the source layout logic, color palette, lighting direction, camera angle, negative space, prop relationships, and typography zones; replace the original food/product with [INPUT_PRODUCT] while matching perspective, scale, shadows, texture, and appetite appeal. Use editable placeholder copy only, avoid real logos unless supplied, and keep the final result polished, photoreal, high-resolution, and campaign-ready.",Bakery
83,BAKERY/a0ba294c6671a48c3dd8abf7fb81077f.jpg,"Create a premium bakery advertising image using [INPUT_PRODUCT] as the replaceable hero product. Photograph DNA: cake slice balanced on fork against vivid orange background, clean studio shadow; utensil-as-pedestal minimalism, centered vertical product hero. Design DNA: preserve the source layout logic, color palette, lighting direction, camera angle, negative space, prop relationships, and typography zones; replace the original food/product with [INPUT_PRODUCT] while matching perspective, scale, shadows, texture, and appetite appeal. Use editable placeholder copy only, avoid real logos unless supplied, and keep the final result polished, photoreal, high-resolution, and campaign-ready.",Bakery
84,BAKERY/a170087bd63e14c315bc164fe6ae802a.jpg,"Create a premium bakery advertising image using [INPUT_PRODUCT] as the replaceable hero product. Photograph DNA: cake top with raspberries filling lower frame against muted rose background; close cropped celebration poster, elegant serif/script title area. Design DNA: preserve the source layout logic, color palette, lighting direction, camera angle, negative space, prop relationships, and typography zones; replace the original food/product with [INPUT_PRODUCT] while matching perspective, scale, shadows, texture, and appetite appeal. Use editable placeholder copy only, avoid real logos unless supplied, and keep the final result polished, photoreal, high-resolution, and campaign-ready.",Bakery
85,BAKERY/a4d6eb4c36a381ddb9bf0682bf0d2a35.jpg,"Create a premium bakery advertising image using [INPUT_PRODUCT] as the replaceable hero product. Photograph DNA: smartphone ordering screen with pastries emerging onto orange platform; digital commerce concept, phone as portal, strong cast shadow. Design DNA: preserve the source layout logic, color palette, lighting direction, camera angle, negative space, prop relationships, and typography zones; replace the original food/product with [INPUT_PRODUCT] while matching perspective, scale, shadows, texture, and appetite appeal. Use editable placeholder copy only, avoid real logos unless supplied, and keep the final result polished, photoreal, high-resolution, and campaign-ready.",Bakery
86,BAKERY/a514520985bb39757f0da2a278a46b05.jpg,"Create a premium bakery advertising image using [INPUT_PRODUCT] as the replaceable hero product. Photograph DNA: croissant centered over oversized serif letters on off-white poster; typographic overlap, editorial bakery branding, refined minimal palette. Design DNA: preserve the source layout logic, color palette, lighting direction, camera angle, negative space, prop relationships, and typography zones; replace the original food/product with [INPUT_PRODUCT] while matching perspective, scale, shadows, texture, and appetite appeal. Use editable placeholder copy only, avoid real logos unless supplied, and keep the final result polished, photoreal, high-resolution, and campaign-ready.",Bakery
87,BAKERY/a586178d4d035f07514888447f342362.jpg,"Create a premium bakery advertising image using [INPUT_PRODUCT] as the replaceable hero product. Photograph DNA: product seen through opened round tin on deep red background, metallic rim highlights; package reveal concept, small hero framed by lid. Design DNA: preserve the source layout logic, color palette, lighting direction, camera angle, negative space, prop relationships, and typography zones; replace the original food/product with [INPUT_PRODUCT] while matching perspective, scale, shadows, texture, and appetite appeal. Use editable placeholder copy only, avoid real logos unless supplied, and keep the final result polished, photoreal, high-resolution, and campaign-ready.",Bakery
88,BAKERY/a7485d6f00d290f83a43ff41d6f6c022.jpg,"Create a premium bakery advertising image using [INPUT_PRODUCT] as the replaceable hero product. Photograph DNA: pink Japanese-style pancake poster with strawberries and cream, cute sticker graphics; playful dessert menu layout, large rounded typography zones. Design DNA: preserve the source layout logic, color palette, lighting direction, camera angle, negative space, prop relationships, and typography zones; replace the original food/product with [INPUT_PRODUCT] while matching perspective, scale, shadows, texture, and appetite appeal. Use editable placeholder copy only, avoid real logos unless supplied, and keep the final result polished, photoreal, high-resolution, and campaign-ready.",Bakery
89,BAKERY/a971016fe9ee37538110a2a99608ba59.jpg,"Create a premium bakery advertising image using [INPUT_PRODUCT] as the replaceable hero product. Photograph DNA: single cake slice on dark poster with long descriptive copy at bottom; moody editorial food photography, spotlighted crumb texture, magazine-style caption block. Design DNA: preserve the source layout logic, color palette, lighting direction, camera angle, negative space, prop relationships, and typography zones; replace the original food/product with [INPUT_PRODUCT] while matching perspective, scale, shadows, texture, and appetite appeal. Use editable placeholder copy only, avoid real logos unless supplied, and keep the final result polished, photoreal, high-resolution, and campaign-ready.",Bakery
90,BAKERY/add3d38544ebee02130b627837a73517.jpg,"Create a premium bakery advertising image using [INPUT_PRODUCT] as the replaceable hero product. Photograph DNA: layered pastries stacked on red background with fork and small berry accent; bold color-block product tower, geometric composition, energetic contrast. Design DNA: preserve the source layout logic, color palette, lighting direction, camera angle, negative space, prop relationships, and typography zones; replace the original food/product with [INPUT_PRODUCT] while matching perspective, scale, shadows, texture, and appetite appeal. Use editable placeholder copy only, avoid real logos unless supplied, and keep the final result polished, photoreal, high-resolution, and campaign-ready.",Bakery
91,BAKERY/aef62d949fda36e0aea5cd9a89de444d.jpg,"Create a premium bakery advertising image using [INPUT_PRODUCT] as the replaceable hero product. Photograph DNA: cupcake passed between hands in front of red curtains; birthday stage drama, human gesture, centered product exchange. Design DNA: preserve the source layout logic, color palette, lighting direction, camera angle, negative space, prop relationships, and typography zones; replace the original food/product with [INPUT_PRODUCT] while matching perspective, scale, shadows, texture, and appetite appeal. Use editable placeholder copy only, avoid real logos unless supplied, and keep the final result polished, photoreal, high-resolution, and campaign-ready.",Bakery
92,BAKERY/af3fac938b5da2981c9e29baa7ac3d55.jpg,"Create a premium bakery advertising image using [INPUT_PRODUCT] as the replaceable hero product. Photograph DNA: cookie inside illustrated alarm clock on coral background; playful reminder concept, line-art device frame, friendly social poster. Design DNA: preserve the source layout logic, color palette, lighting direction, camera angle, negative space, prop relationships, and typography zones; replace the original food/product with [INPUT_PRODUCT] while matching perspective, scale, shadows, texture, and appetite appeal. Use editable placeholder copy only, avoid real logos unless supplied, and keep the final result polished, photoreal, high-resolution, and campaign-ready.",Bakery
93,BAKERY/b140a53bab602b22bb3b96d27edf5d0c.jpg,"Create a premium bakery advertising image using [INPUT_PRODUCT] as the replaceable hero product. Photograph DNA: packaged dessert cups arranged on red tic-tac-toe grid with strawberries; game-board flat lay, bright retail packshot, graphic white lines. Design DNA: preserve the source layout logic, color palette, lighting direction, camera angle, negative space, prop relationships, and typography zones; replace the original food/product with [INPUT_PRODUCT] while matching perspective, scale, shadows, texture, and appetite appeal. Use editable placeholder copy only, avoid real logos unless supplied, and keep the final result polished, photoreal, high-resolution, and campaign-ready.",Bakery
94,BAKERY/b208b38e19768c8dd836ea0780c712b5.jpg,"Create a premium bakery advertising image using [INPUT_PRODUCT] as the replaceable hero product. Photograph DNA: hand placing heart-filled cookie onto stack in pink heart-shaped set; romantic product ritual, pastel studio, centered hand interaction. Design DNA: preserve the source layout logic, color palette, lighting direction, camera angle, negative space, prop relationships, and typography zones; replace the original food/product with [INPUT_PRODUCT] while matching perspective, scale, shadows, texture, and appetite appeal. Use editable placeholder copy only, avoid real logos unless supplied, and keep the final result polished, photoreal, high-resolution, and campaign-ready.",Bakery
95,BAKERY/b20c7221f9fb5ea4438d624525d6b9ce.jpg,"Create a premium bakery advertising image using [INPUT_PRODUCT] as the replaceable hero product. Photograph DNA: waffles with sauces and berries in illustrated menu poster, cream background with hearts; playful flavor map, sticker-like product repetition. Design DNA: preserve the source layout logic, color palette, lighting direction, camera angle, negative space, prop relationships, and typography zones; replace the original food/product with [INPUT_PRODUCT] while matching perspective, scale, shadows, texture, and appetite appeal. Use editable placeholder copy only, avoid real logos unless supplied, and keep the final result polished, photoreal, high-resolution, and campaign-ready.",Bakery
96,BAKERY/b2a9688e4691ad6a7a74d704b5860c3b.jpg,"Create a premium bakery advertising image using [INPUT_PRODUCT] as the replaceable hero product. Photograph DNA: cookie bouquet held like flowers against pink background; giftable bakery concept, hand-held cluster, bold simple headline space. Design DNA: preserve the source layout logic, color palette, lighting direction, camera angle, negative space, prop relationships, and typography zones; replace the original food/product with [INPUT_PRODUCT] while matching perspective, scale, shadows, texture, and appetite appeal. Use editable placeholder copy only, avoid real logos unless supplied, and keep the final result polished, photoreal, high-resolution, and campaign-ready.",Bakery
97,BAKERY/b6b8444e3fc689514cf52ff62bcaf1b9.jpg,"Create a premium bakery advertising image using [INPUT_PRODUCT] as the replaceable hero product. Photograph DNA: milkshake or dessert drink on electric blue poster with yellow hand-drawn typography and flavor cubes; maximal playful retail design. Design DNA: preserve the source layout logic, color palette, lighting direction, camera angle, negative space, prop relationships, and typography zones; replace the original food/product with [INPUT_PRODUCT] while matching perspective, scale, shadows, texture, and appetite appeal. Use editable placeholder copy only, avoid real logos unless supplied, and keep the final result polished, photoreal, high-resolution, and campaign-ready.",Bakery
98,BAKERY/b71d16911e2f1a4dc938902e89eec893.jpg,"Create a premium bakery advertising image using [INPUT_PRODUCT] as the replaceable hero product. Photograph DNA: large filled croissant sandwich on red background, intense side light; appetizing macro hero, crisp crust texture, minimal copy. Design DNA: preserve the source layout logic, color palette, lighting direction, camera angle, negative space, prop relationships, and typography zones; replace the original food/product with [INPUT_PRODUCT] while matching perspective, scale, shadows, texture, and appetite appeal. Use editable placeholder copy only, avoid real logos unless supplied, and keep the final result polished, photoreal, high-resolution, and campaign-ready.",Bakery
99,BAKERY/b74f584a3d5e8ec936ef2454c6d1a978.jpg,"Create a premium bakery advertising image using [INPUT_PRODUCT] as the replaceable hero product. Photograph DNA: two scoops replacing letters in phrase on pink background; typographic product integration, simple flat studio light, cheerful mood. Design DNA: preserve the source layout logic, color palette, lighting direction, camera angle, negative space, prop relationships, and typography zones; replace the original food/product with [INPUT_PRODUCT] while matching perspective, scale, shadows, texture, and appetite appeal. Use editable placeholder copy only, avoid real logos unless supplied, and keep the final result polished, photoreal, high-resolution, and campaign-ready.",Bakery
100,BAKERY/b9646a2b95c5475c415957301b755a8b.jpg,"Create a premium bakery advertising image using [INPUT_PRODUCT] as the replaceable hero product. Photograph DNA: bakery assortment on tray in warm brown room with vertical blinds; cozy interior still life, side-lit shadows, premium cafe table scene. Design DNA: preserve the source layout logic, color palette, lighting direction, camera angle, negative space, prop relationships, and typography zones; replace the original food/product with [INPUT_PRODUCT] while matching perspective, scale, shadows, texture, and appetite appeal. Use editable placeholder copy only, avoid real logos unless supplied, and keep the final result polished, photoreal, high-resolution, and campaign-ready.",Bakery
101,BAKERY/bed93a1d1f43dd4706c357a9551ab9ab.jpg,"Create a premium bakery advertising image using [INPUT_PRODUCT] as the replaceable hero product. Photograph DNA: ice cream cone inside emergency break-glass cabinet on blue tile wall; humorous emergency product concept, front-on graphic poster. Design DNA: preserve the source layout logic, color palette, lighting direction, camera angle, negative space, prop relationships, and typography zones; replace the original food/product with [INPUT_PRODUCT] while matching perspective, scale, shadows, texture, and appetite appeal. Use editable placeholder copy only, avoid real logos unless supplied, and keep the final result polished, photoreal, high-resolution, and campaign-ready.",Bakery
102,BAKERY/c3e20732c7a9319614e7a99540f123de.jpg,"Create a premium bakery advertising image using [INPUT_PRODUCT] as the replaceable hero product. Photograph DNA: strawberry cream sandwich on white Japanese minimal poster with red circle accents; clean product isolation, bilingual-style editorial spacing. Design DNA: preserve the source layout logic, color palette, lighting direction, camera angle, negative space, prop relationships, and typography zones; replace the original food/product with [INPUT_PRODUCT] while matching perspective, scale, shadows, texture, and appetite appeal. Use editable placeholder copy only, avoid real logos unless supplied, and keep the final result polished, photoreal, high-resolution, and campaign-ready.",Bakery
103,BAKERY/ccf862a54927d8401db9b6a8f467b882.jpg,"Create a premium bakery advertising image using [INPUT_PRODUCT] as the replaceable hero product. Photograph DNA: split cookie halves connected by message ribbon on burgundy background; communication metaphor, symmetrical product halves, simple campaign headline. Design DNA: preserve the source layout logic, color palette, lighting direction, camera angle, negative space, prop relationships, and typography zones; replace the original food/product with [INPUT_PRODUCT] while matching perspective, scale, shadows, texture, and appetite appeal. Use editable placeholder copy only, avoid real logos unless supplied, and keep the final result polished, photoreal, high-resolution, and campaign-ready.",Bakery
104,BAKERY/ce087e5e7fe35357f1ae2fb2402cbd71.jpg,"Create a premium bakery advertising image using [INPUT_PRODUCT] as the replaceable hero product. Photograph DNA: shadow of hanging takeaway bag on orange wall with coming-soon copy; teaser poster, object shown as shadow silhouette, warm minimalism. Design DNA: preserve the source layout logic, color palette, lighting direction, camera angle, negative space, prop relationships, and typography zones; replace the original food/product with [INPUT_PRODUCT] while matching perspective, scale, shadows, texture, and appetite appeal. Use editable placeholder copy only, avoid real logos unless supplied, and keep the final result polished, photoreal, high-resolution, and campaign-ready.",Bakery
105,BAKERY/cefb557e35e1d5358d04d8a953d0bf5a.jpg,"Create a premium bakery advertising image using [INPUT_PRODUCT] as the replaceable hero product. Photograph DNA: multi-dessert menu collage on red graphic background with wavy lines and checkered accents; energetic flavor board, retro diner poster. Design DNA: preserve the source layout logic, color palette, lighting direction, camera angle, negative space, prop relationships, and typography zones; replace the original food/product with [INPUT_PRODUCT] while matching perspective, scale, shadows, texture, and appetite appeal. Use editable placeholder copy only, avoid real logos unless supplied, and keep the final result polished, photoreal, high-resolution, and campaign-ready.",Bakery
106,BAKERY/d7c014b35d7c97281cef17934ff44151.jpg,"Create a premium bakery advertising image using [INPUT_PRODUCT] as the replaceable hero product. Photograph DNA: close-up jam-filled cookie on pink poster with bold headline and descriptive copy; soft product macro, clean editorial text hierarchy. Design DNA: preserve the source layout logic, color palette, lighting direction, camera angle, negative space, prop relationships, and typography zones; replace the original food/product with [INPUT_PRODUCT] while matching perspective, scale, shadows, texture, and appetite appeal. Use editable placeholder copy only, avoid real logos unless supplied, and keep the final result polished, photoreal, high-resolution, and campaign-ready.",Bakery
107,BAKERY/d8f00d4668bfbe8dc0a70c0d3d38dcdd.jpg,"Create a premium bakery advertising image using [INPUT_PRODUCT] as the replaceable hero product. Photograph DNA: croissant on periwinkle poster with stacked bold headline and buy-now button; modern social ad, centered product, bright retail call-to-action. Design DNA: preserve the source layout logic, color palette, lighting direction, camera angle, negative space, prop relationships, and typography zones; replace the original food/product with [INPUT_PRODUCT] while matching perspective, scale, shadows, texture, and appetite appeal. Use editable placeholder copy only, avoid real logos unless supplied, and keep the final result polished, photoreal, high-resolution, and campaign-ready.",Bakery
108,BAKERY/e5c1db73c250170ebf2979a3cfba1db7.jpg,"Create a premium bakery advertising image using [INPUT_PRODUCT] as the replaceable hero product. Photograph DNA: breakfast croissant sandwich and orange drink in warm cafe sunlight; lifestyle tabletop, strong morning shadows, large white headline overlay. Design DNA: preserve the source layout logic, color palette, lighting direction, camera angle, negative space, prop relationships, and typography zones; replace the original food/product with [INPUT_PRODUCT] while matching perspective, scale, shadows, texture, and appetite appeal. Use editable placeholder copy only, avoid real logos unless supplied, and keep the final result polished, photoreal, high-resolution, and campaign-ready.",Bakery
109,BAKERY/e66a0eec2e321edca35e0d2be5181d6b.jpg,"Create a premium bakery advertising image using [INPUT_PRODUCT] as the replaceable hero product. Photograph DNA: repeating croissant pattern on peach background, angled hard shadows; seamless bakery pattern, sunny commercial light, no headline needed. Design DNA: preserve the source layout logic, color palette, lighting direction, camera angle, negative space, prop relationships, and typography zones; replace the original food/product with [INPUT_PRODUCT] while matching perspective, scale, shadows, texture, and appetite appeal. Use editable placeholder copy only, avoid real logos unless supplied, and keep the final result polished, photoreal, high-resolution, and campaign-ready.",Bakery
110,BAKERY/e6f03fcf8524ee2b2da2f5756e364abc.jpg,"Create a premium bakery advertising image using [INPUT_PRODUCT] as the replaceable hero product. Photograph DNA: layer cake on pale green poster with tea and fruit props; fresh elegant menu card, soft daylight, balanced product-and-prop layout. Design DNA: preserve the source layout logic, color palette, lighting direction, camera angle, negative space, prop relationships, and typography zones; replace the original food/product with [INPUT_PRODUCT] while matching perspective, scale, shadows, texture, and appetite appeal. Use editable placeholder copy only, avoid real logos unless supplied, and keep the final result polished, photoreal, high-resolution, and campaign-ready.",Bakery
111,BAKERY/e9a654ec8133b55df2d61f7a7c23eb05.jpg,"Create a premium bakery advertising image using [INPUT_PRODUCT] as the replaceable hero product. Photograph DNA: cream dessert in bowl on red geometric pedestal, moody spotlight; refined restaurant dessert still life, deep shadows and gold spoon accent. Design DNA: preserve the source layout logic, color palette, lighting direction, camera angle, negative space, prop relationships, and typography zones; replace the original food/product with [INPUT_PRODUCT] while matching perspective, scale, shadows, texture, and appetite appeal. Use editable placeholder copy only, avoid real logos unless supplied, and keep the final result polished, photoreal, high-resolution, and campaign-ready.",Bakery
112,BAKERY/ed8134b737d3048bf39f984e1dd04957.jpg,"Create a premium bakery advertising image using [INPUT_PRODUCT] as the replaceable hero product. Photograph DNA: small ring cakes on orange-pink checkerboard flat lay; playful geometric pattern, top-down hard light, product repetition. Design DNA: preserve the source layout logic, color palette, lighting direction, camera angle, negative space, prop relationships, and typography zones; replace the original food/product with [INPUT_PRODUCT] while matching perspective, scale, shadows, texture, and appetite appeal. Use editable placeholder copy only, avoid real logos unless supplied, and keep the final result polished, photoreal, high-resolution, and campaign-ready.",Bakery
113,BAKERY/eda4594fce38eb9237172545be0e8925.jpg,"Create a premium bakery advertising image using [INPUT_PRODUCT] as the replaceable hero product. Photograph DNA: mini fruit tarts on diagonal pastel stripe background; bright graphic flat lay, repeated product rhythm, cheerful color bands. Design DNA: preserve the source layout logic, color palette, lighting direction, camera angle, negative space, prop relationships, and typography zones; replace the original food/product with [INPUT_PRODUCT] while matching perspective, scale, shadows, texture, and appetite appeal. Use editable placeholder copy only, avoid real logos unless supplied, and keep the final result polished, photoreal, high-resolution, and campaign-ready.",Bakery
114,BAKERY/efdd861f6dc4bfa5b13ab184726c6475.jpg,"Create a premium bakery advertising image using [INPUT_PRODUCT] as the replaceable hero product. Photograph DNA: glazed donut on classical column against green burst background; heroic pedestal poster, radial rays, retro premium headline space. Design DNA: preserve the source layout logic, color palette, lighting direction, camera angle, negative space, prop relationships, and typography zones; replace the original food/product with [INPUT_PRODUCT] while matching perspective, scale, shadows, texture, and appetite appeal. Use editable placeholder copy only, avoid real logos unless supplied, and keep the final result polished, photoreal, high-resolution, and campaign-ready.",Bakery
115,BAKERY/f29c5732edc1e516a857738024662ce9.jpg,"Create a premium bakery advertising image using [INPUT_PRODUCT] as the replaceable hero product. Photograph DNA: finger pinching cute cookie mascot over white background; playful character peril, doodled face and limbs, minimal humorous ad. Design DNA: preserve the source layout logic, color palette, lighting direction, camera angle, negative space, prop relationships, and typography zones; replace the original food/product with [INPUT_PRODUCT] while matching perspective, scale, shadows, texture, and appetite appeal. Use editable placeholder copy only, avoid real logos unless supplied, and keep the final result polished, photoreal, high-resolution, and campaign-ready.",Bakery
116,BAKERY/f2ccbc08bc0c1d972f00cb1864801f73.jpg,"Create a premium bakery advertising image using [INPUT_PRODUCT] as the replaceable hero product. Photograph DNA: croissant floating in sky with small takeaway cup and cloud letters; dreamy airborne campaign, surreal scale, bright blue optimistic poster. Design DNA: preserve the source layout logic, color palette, lighting direction, camera angle, negative space, prop relationships, and typography zones; replace the original food/product with [INPUT_PRODUCT] while matching perspective, scale, shadows, texture, and appetite appeal. Use editable placeholder copy only, avoid real logos unless supplied, and keep the final result polished, photoreal, high-resolution, and campaign-ready.",Bakery
117,BAKERY/f4ee764b7d9335ca77d5355bd7a2eeee.jpg,"Create a premium bakery advertising image using [INPUT_PRODUCT] as the replaceable hero product. Photograph DNA: hand dipping cookie into dessert cup against burgundy curtain; cozy indulgent close-up, human gesture, elegant script label space. Design DNA: preserve the source layout logic, color palette, lighting direction, camera angle, negative space, prop relationships, and typography zones; replace the original food/product with [INPUT_PRODUCT] while matching perspective, scale, shadows, texture, and appetite appeal. Use editable placeholder copy only, avoid real logos unless supplied, and keep the final result polished, photoreal, high-resolution, and campaign-ready.",Bakery
118,BAKERY/f5a0427ce34607d36f4c0ed9e4e5e9b7.jpg,"Create a premium bakery advertising image using [INPUT_PRODUCT] as the replaceable hero product. Photograph DNA: croissant emerging from pink paper bag with repeated script typography; fashion-style bakery packaging poster, soft pink palette, centered bag. Design DNA: preserve the source layout logic, color palette, lighting direction, camera angle, negative space, prop relationships, and typography zones; replace the original food/product with [INPUT_PRODUCT] while matching perspective, scale, shadows, texture, and appetite appeal. Use editable placeholder copy only, avoid real logos unless supplied, and keep the final result polished, photoreal, high-resolution, and campaign-ready.",Bakery
119,BAKERY/f5b176bd5578b558670da30de206dab7.jpg,"Create a premium bakery advertising image using [INPUT_PRODUCT] as the replaceable hero product. Photograph DNA: tic-tac-toe board with mini desserts on red round table and curtain background; playful game concept, overhead theatrical product arrangement. Design DNA: preserve the source layout logic, color palette, lighting direction, camera angle, negative space, prop relationships, and typography zones; replace the original food/product with [INPUT_PRODUCT] while matching perspective, scale, shadows, texture, and appetite appeal. Use editable placeholder copy only, avoid real logos unless supplied, and keep the final result polished, photoreal, high-resolution, and campaign-ready.",Bakery
120,BAKERY/f8c3eda1d5c78c7bcda5cbf34742eaa2.jpg,"Create a premium bakery advertising image using [INPUT_PRODUCT] as the replaceable hero product. Photograph DNA: single pastry clipped to clothesline in blue sky with paper notes; airy outdoor concept, minimal suspended product, clean vertical composition. Design DNA: preserve the source layout logic, color palette, lighting direction, camera angle, negative space, prop relationships, and typography zones; replace the original food/product with [INPUT_PRODUCT] while matching perspective, scale, shadows, texture, and appetite appeal. Use editable placeholder copy only, avoid real logos unless supplied, and keep the final result polished, photoreal, high-resolution, and campaign-ready.",Bakery
121,BAKERY/f9d260d7a1a3ba6a442a84f25220fc19.jpg,"Create a premium bakery advertising image using [INPUT_PRODUCT] as the replaceable hero product. Photograph DNA: strawberry cake slice with spiraling crumbs and berries on warm cream poster; graceful ingredient motion trail, editorial text block below. Design DNA: preserve the source layout logic, color palette, lighting direction, camera angle, negative space, prop relationships, and typography zones; replace the original food/product with [INPUT_PRODUCT] while matching perspective, scale, shadows, texture, and appetite appeal. Use editable placeholder copy only, avoid real logos unless supplied, and keep the final result polished, photoreal, high-resolution, and campaign-ready.",Bakery
122,BAKERY/fbfb6e560332569372c5fb1963c9955c.jpg,"Create a premium bakery advertising image using [INPUT_PRODUCT] as the replaceable hero product. Photograph DNA: levitating cake bite above spoon with powdered crumbs on dark red gradient; elegant action shot, shallow focus, fine-dining dessert moment. Design DNA: preserve the source layout logic, color palette, lighting direction, camera angle, negative space, prop relationships, and typography zones; replace the original food/product with [INPUT_PRODUCT] while matching perspective, scale, shadows, texture, and appetite appeal. Use editable placeholder copy only, avoid real logos unless supplied, and keep the final result polished, photoreal, high-resolution, and campaign-ready.",Bakery
123,BAKERY/fe89faa7fbae8a902f14b145b425c29e.jpg,"Create a premium bakery advertising image using [INPUT_PRODUCT] as the replaceable hero product. Photograph DNA: assorted packaged cakes on white pedestal against blue curtain backdrop, nuts and jar props; bright packshot collection, Arabic-style copy zones. Design DNA: preserve the source layout logic, color palette, lighting direction, camera angle, negative space, prop relationships, and typography zones; replace the original food/product with [INPUT_PRODUCT] while matching perspective, scale, shadows, texture, and appetite appeal. Use editable placeholder copy only, avoid real logos unless supplied, and keep the final result polished, photoreal, high-resolution, and campaign-ready.",Bakery
124,BAKERY/fe9e100d4b095be72bc50415917d429f.jpg,"Create a premium bakery advertising image using [INPUT_PRODUCT] as the replaceable hero product. Photograph DNA: cookie dessert with caramel pour on golden-brown luxury poster; indulgent premium hero, dramatic drizzle, large serif headline and CTA area. Design DNA: preserve the source layout logic, color palette, lighting direction, camera angle, negative space, prop relationships, and typography zones; replace the original food/product with [INPUT_PRODUCT] while matching perspective, scale, shadows, texture, and appetite appeal. Use editable placeholder copy only, avoid real logos unless supplied, and keep the final result polished, photoreal, high-resolution, and campaign-ready.",Bakery
125,BAKERY/videoframe_2919.png,"Create a premium bakery advertising image using [INPUT_PRODUCT] as the replaceable hero product. Photograph DNA: oversized phone showing bakery marketplace with tiny workers and ladder, warm beige 3D scene; ecommerce fantasy, product tiles inside screen, social shopping concept. Design DNA: preserve the source layout logic, color palette, lighting direction, camera angle, negative space, prop relationships, and typography zones; replace the original food/product with [INPUT_PRODUCT] while matching perspective, scale, shadows, texture, and appetite appeal. Use editable placeholder copy only, avoid real logos unless supplied, and keep the final result polished, photoreal, high-resolution, and campaign-ready.",Bakery
